PRIOR_RATING,A1,A2,A3,Aa1,Aa2,Aa3,Aaa,B1,B2,B3,Ba1,Ba2,Ba3,Baa,Baa1,Baa2,Baa3,C,Ca,Caa1,Caa2,Caa3,DEFAULT,MATURE
A,,,2023-05-31,,,,,,,,,,,,,,,,,,,,,
A1,2064-06-19,2077-04-01,,,,2064-08-31,,,,,,,,,,,,,,,,,2046-03-15,2020-04-30
A2,2048-04-01,2063-06-01,2114-01-22,,2026-06-15,,,,,,,,,,2054-12-15,2028-11-26,,,,,,,,2020-04-30
A3,,2066-10-01,2115-03-15,,,,,,,,,,,,2067-09-15,2043-02-15,2048-03-15,,,,,,2047-12-01,2020-04-30
Aa1,,,,2111-10-01,2022-09-06,,,,,,,,,,,,,,,,,,,2020-04-30
Aa2,2044-06-15,,,,2112-04-15,2110-09-30,,,,,,,,,,,,,,,,,,2020-04-28
Aa3,2047-04-12,,,,2046-05-15,2116-08-01,,,,,,,,,,,,,,,,,,2020-04-30
Aaa,,,,2039-09-30,,,2065-09-15,,,,,,,,,,,,,,,,,2020-04-30
B1,,,,,,,,2047-10-09,2028-04-18,2026-05-15,,2027-05-15,2035-06-30,,,,2022-08-15,,,2024-06-01,,,2020-10-15,2020-04-30
B2,,,,,,,,2040-02-15,2117-06-28,2043-11-01,,2024-10-01,2028-01-15,,,2025-02-01,,,,2022-12-15,,,2018-03-15,2020-04-30
B3,,,,,,,,2025-12-15,2048-02-21,2045-07-28,,,2025-01-15,,,,,,,2044-10-01,2027-05-24,,2023-08-01,2020-04-15
Ba1,,,,,,,,2026-12-15,,,2099-12-31,2057-06-15,2025-05-15,,2021-12-15,2028-08-08,2073-04-30,,,,,,,2020-04-26
Ba2,,,,,,,,2044-04-04,2024-06-01,2021-12-15,2078-04-15,2099-09-29,2043-05-15,,,,2044-06-24,,,,2021-03-15,,2018-10-15,2020-04-27
Ba3,,,,,,,,2047-05-11,2042-03-15,2024-01-15,2042-04-01,2115-06-05,2048-02-15,,,,,,,,,,2021-10-01,2020-04-28
Baa1,2023-11-15,2021-10-01,2059-02-07,,,,,,,,2026-07-15,,,,2115-09-15,2097-07-15,2047-07-31,,,,,,2026-02-15,2020-04-23
Baa2,,,2024-09-16,,,,,,,,2041-02-15,2042-03-28,,,2075-10-19,2078-02-15,2077-03-15,,,,2039-09-30,,,2020-04-30
Baa3,,,,,,,,2043-03-15,2027-02-15,,2048-03-27,2046-10-01,2044-03-15,2022-03-01,2022-06-01,2058-04-15,2108-06-30,,,,,,2021-08-15,2020-04-30
C,,,,,,,,,,,,,,,,,,2025-04-25,,,,,2042-06-26,2020-04-15
Ca,,,,,,,,,,,,,,,,,,2022-02-01,2042-04-15,,,2024-11-15,2039-03-01,2020-04-15
Caa1,,,,,,,,,2025-12-01,2041-02-01,,,,,,,,,,2044-01-15,2045-04-01,2025-03-15,2025-02-15,2020-04-15
Caa2,,,,,,,,,2024-10-01,2025-10-01,,,,,,,,,2025-02-15,2027-06-15,2041-12-15,2025-05-15,2023-03-01,2020-04-15
Caa3,,,,,,,,,,,,,,,,,,2022-02-09,2024-12-15,,2025-06-01,2043-11-15,2047-12-01,2020-04-15
NR,,,2026-04-15,,,2025-10-28,,2022-02-02,,,,2040-03-23,,,2027-02-17,2020-09-30,,,,,,,2041-07-15,2020-04-30
