,A1,A2,A3,Aa1,Aa2,Aa3,Aaa,B1,B2,B3,Ba1,Ba2,Ba3,Baa,Baa1,Baa2,Baa3,C,Ca,Caa1,Caa2,Caa3,NR,DEFAULT,MATURE
A1,0.479,0.211,0.062,0.000,0.050,0.056,0.000,0.000,0.000,0.000,0.000,0.000,0.000,0.000,0.000,0.000,0.000,0.000,0.000,0.000,0.000,0.000,0.000,0.001,0.140
A2,0.099,0.662,0.065,0.000,0.000,0.001,0.000,0.000,0.000,0.000,0.000,0.000,0.000,0.000,0.055,0.003,0.001,0.000,0.000,0.000,0.000,0.000,0.000,0.000,0.114
A3,0.000,0.109,0.630,0.000,0.000,0.000,0.000,0.000,0.000,0.000,0.000,0.000,0.000,0.000,0.130,0.022,0.004,0.000,0.000,0.000,0.000,0.000,0.000,0.000,0.105
Aa1,0.038,0.005,0.000,0.327,0.276,0.093,0.001,0.000,0.000,0.000,0.000,0.000,0.000,0.000,0.000,0.000,0.000,0.000,0.000,0.000,0.000,0.000,0.001,0.000,0.259
Aa2,0.099,0.003,0.001,0.043,0.472,0.180,0.000,0.000,0.000,0.000,0.000,0.000,0.000,0.000,0.001,0.000,0.000,0.000,0.000,0.000,0.000,0.000,0.000,0.000,0.201
Aa3,0.134,0.265,0.001,0.000,0.032,0.399,0.000,0.000,0.000,0.000,0.003,0.000,0.000,0.000,0.000,0.000,0.000,0.000,0.000,0.000,0.000,0.000,0.000,0.000,0.166
Aaa,0.000,0.000,0.000,0.001,0.001,0.000,0.498,0.000,0.000,0.000,0.000,0.000,0.000,0.000,0.000,0.000,0.000,0.000,0.000,0.000,0.000,0.000,0.000,0.000,0.501
B1,0.000,0.000,0.001,0.000,0.000,0.000,0.000,0.424,0.117,0.040,0.003,0.023,0.221,0.000,0.000,0.002,0.003,0.000,0.000,0.009,0.002,0.002,0.001,0.000,0.151
B2,0.000,0.000,0.000,0.000,0.000,0.000,0.000,0.185,0.360,0.190,0.000,0.003,0.015,0.000,0.000,0.000,0.004,0.000,0.002,0.054,0.011,0.004,0.000,0.001,0.171
B3,0.000,0.000,0.000,0.000,0.000,0.000,0.000,0.049,0.166,0.359,0.000,0.002,0.003,0.000,0.000,0.001,0.003,0.000,0.005,0.165,0.041,0.015,0.000,0.001,0.190
Ba1,0.000,0.000,0.000,0.000,0.000,0.000,0.000,0.008,0.007,0.002,0.461,0.112,0.035,0.000,0.005,0.007,0.261,0.000,0.000,0.001,0.000,0.000,0.000,0.000,0.101
Ba2,0.000,0.000,0.000,0.000,0.000,0.000,0.000,0.025,0.012,0.007,0.209,0.416,0.144,0.000,0.000,0.005,0.045,0.000,0.000,0.003,0.001,0.000,0.001,0.001,0.133
Ba3,0.000,0.000,0.000,0.000,0.000,0.000,0.000,0.134,0.030,0.017,0.012,0.197,0.433,0.000,0.000,0.000,0.004,0.001,0.000,0.008,0.002,0.010,0.000,0.000,0.151
Baa,,,,,,,,,,,,,,,,,,,,,,,,,
Baa1,0.001,0.001,0.270,0.000,0.000,0.000,0.000,0.001,0.000,0.000,0.001,0.001,0.000,0.000,0.434,0.157,0.009,0.000,0.000,0.000,0.000,0.000,0.000,0.000,0.124
Baa2,0.000,0.000,0.048,0.000,0.000,0.000,0.000,0.001,0.001,0.000,0.008,0.004,0.003,0.000,0.145,0.537,0.138,0.000,0.000,0.000,0.000,0.000,0.000,0.000,0.116
Baa3,0.000,0.000,0.000,0.000,0.000,0.000,0.000,0.008,0.002,0.000,0.062,0.013,0.006,0.000,0.007,0.183,0.597,0.000,0.000,0.000,0.000,0.000,0.000,0.000,0.121
C,0.000,0.000,0.000,0.000,0.000,0.000,0.000,0.000,0.000,0.000,0.000,0.000,0.000,0.000,0.000,0.000,0.000,0.490,0.000,0.008,0.020,0.024,0.000,0.208,0.249
Ca,0.000,0.000,0.000,0.000,0.000,0.000,0.000,0.000,0.000,0.030,0.000,0.000,0.000,0.000,0.000,0.000,0.000,0.215,0.359,0.010,0.013,0.063,0.000,0.073,0.237
Caa1,0.000,0.000,0.001,0.000,0.000,0.000,0.000,0.003,0.016,0.196,0.001,0.001,0.001,0.000,0.000,0.000,0.000,0.004,0.025,0.362,0.184,0.047,0.001,0.004,0.157
Caa2,0.000,0.000,0.000,0.000,0.000,0.000,0.000,0.000,0.005,0.026,0.001,0.000,0.000,0.000,0.000,0.002,0.000,0.032,0.094,0.134,0.387,0.181,0.000,0.005,0.132
Caa3,0.000,0.000,0.000,0.000,0.000,0.000,0.000,0.000,0.005,0.008,0.000,0.000,0.002,0.000,0.000,0.000,0.002,0.113,0.212,0.018,0.119,0.323,0.000,0.055,0.145
NR,0.000,0.000,0.000,0.000,0.000,0.000,0.000,0.000,0.000,0.000,0.000,0.000,0.000,0.000,0.000,0.000,0.000,0.000,0.000,0.000,0.000,0.000,0.000,0.001,0.999
DEFAULT,0.000,0.000,0.000,0.000,0.000,0.000,0.000,0.000,0.000,0.000,0.000,0.000,0.000,0.000,0.000,0.000,0.000,0.000,0.000,0.000,0.000,0.000,0.000,1.000,0.000
MATURE,0.000,0.000,0.000,0.000,0.000,0.000,0.000,0.000,0.000,0.000,0.000,0.000,0.000,0.000,0.000,0.000,0.000,0.000,0.000,0.000,0.000,0.000,0.000,0.000,1.000
